{"cameraMode":{"drawMode":0,"name":"Shaded","section":"Shading Mode"},"sceneLighting":true,"audioPlay":false,"sceneViewState":{"showFog":true,"showMaterialUpdate":false,"showSkybox":true,"showFlares":true,"showImageEffects":true,"showParticleSystems":true},"in2DMode":false,"pivot":{"x":-3.119999885559082,"y":3.9739999771118166,"z":5.659999847412109},"rotation":{"x":-0.022931721061468126,"y":-0.9680926203727722,"z":0.0964614525437355,"w":-0.23014332354068757},"size":4.041658401489258,"orthographic":false}