{"cameraMode":{"drawMode":0,"name":"Shaded","section":"Shading Mode"},"sceneLighting":false,"audioPlay":false,"sceneViewState":{"showFog":true,"showMaterialUpdate":false,"showSkybox":false,"showFlares":true,"showImageEffects":true,"showParticleSystems":true},"in2DMode":false,"pivot":{"x":-0.25390625,"y":2.099853515625,"z":2.18682861328125},"rotation":{"x":0.004542402923107147,"y":-0.6944633722305298,"z":0.004384256899356842,"w":0.7195003628730774},"size":2.3495445251464845,"orthographic":true}